ds,trend,yhat_lower,yhat_upper,trend_lower,trend_upper,additive_terms,additive_terms_lower,additive_terms_upper,weekly,weekly_lower,weekly_upper,multiplicative_terms,multiplicative_terms_lower,multiplicative_terms_upper,yhat
2023-01-02,776.47083528,35.85872999087669,1556.7729766820376,776.47083528,776.47083528,77.65278579645354,77.65278579645354,77.65278579645354,77.65278579645354,77.65278579645354,77.65278579645354,0.0,0.0,0.0,854.1236210764534
2023-01-05,775.9340083081341,-199.69062831393245,1259.7000161396077,775.9340083081341,775.9340083081341,-274.4300139606844,-274.4300139606844,-274.4300139606844,-274.4300139606844,-274.4300139606844,-274.4300139606844,0.0,0.0,0.0,501.50399434744975
2023-01-09,775.2182390123129,86.1844234939691,1601.2062535824691,775.2182390123129,775.2182390123129,77.65278579668652,77.65278579668652,77.65278579668652,77.65278579668652,77.65278579668652,77.65278579668652,0.0,0.0,0.0,852.8710248089994
2023-01-13,774.5024697164916,216.9814335132733,1758.428455030733,774.5024697164916,774.5024697164916,207.88214383239549,207.88214383239549,207.88214383239549,207.88214383239549,207.88214383239549,207.88214383239549,0.0,0.0,0.0,982.3846135488872
2023-01-15,774.1445850786426,75.82910824829743,1546.78273504154,774.1445850786426,774.1445850786426,25.697392231553668,25.697392231553668,25.697392231553668,25.697392231553668,25.697392231553668,25.697392231553668,0.0,0.0,0.0,799.8419773101963
2023-01-28,771.8183349326237,98.69460607874277,1607.5667885811251,771.8183349326237,771.8183349326237,98.5785059036494,98.5785059036494,98.5785059036494,98.5785059036494,98.5785059036494,98.5785059036494,0.0,0.0,0.0,870.3968408362731
2023-01-29,771.6393926136991,58.71898965422613,1523.5548798669422,771.6393926136991,771.6393926136991,25.697392231008134,25.697392231008134,25.697392231008134,25.697392231008134,25.697392231008134,25.697392231008134,0.0,0.0,0.0,797.3367848447073
2023-02-02,770.9236233321767,-284.5969815075565,1232.1222456170508,770.9236233321767,770.9236233321767,-274.4300139599369,-274.4300139599369,-274.4300139599369,-274.4300139599369,-274.4300139599369,-274.4300139599369,0.0,0.0,0.0,496.4936093722398
2023-02-04,770.5657386914156,91.71809604379884,1669.8165080943265,770.5657386914156,770.5657386914156,98.5785059045647,98.5785059045647,98.5785059045647,98.5785059045647,98.5785059045647,98.5785059045647,0.0,0.0,0.0,869.1442445959804
2023-02-05,770.3867963723758,54.206679840342574,1527.790803132791,770.3867963723758,770.3867963723758,25.697392231649527,25.697392231649527,25.697392231649527,25.697392231649527,25.697392231649527,25.697392231649527,0.0,0.0,0.0,796.0841886040253
2023-02-10,769.4920847771771,218.31990003062484,1744.0450027791892,769.4920847771771,769.4920847771771,207.8821438322046,207.8821438322046,207.8821438322046,207.8821438322046,207.8821438322046,207.8821438322046,0.0,0.0,0.0,977.3742286093817
2023-02-11,769.3131424581372,102.1549378330047,1589.364156219825,769.3131424581372,769.3131424581372,98.57850590386,98.57850590386,98.57850590386,98.57850590386,98.57850590386,98.57850590386,0.0,0.0,0.0,867.8916483619972
2023-02-13,768.9552578273841,114.93979855094233,1628.2297160615387,768.9552578273841,768.9552578273841,77.65278579678073,77.65278579678073,77.65278579678073,77.65278579678073,77.65278579678073,77.65278579678073,0.0,0.0,0.0,846.6080436241648
2023-02-17,768.2394885658779,227.83489697724414,1746.4897153984625,768.2394885658779,768.2394885658779,207.88214383223948,207.88214383223948,207.88214383223948,207.88214383223948,207.88214383223948,207.88214383223948,0.0,0.0,0.0,976.1216323981173
2023-02-19,767.8816039351249,62.47214299792889,1561.593605015039,767.8816039351249,767.8816039351249,25.697392232374295,25.697392232374295,25.697392232374295,25.697392232374295,25.697392232374295,25.697392232374295,0.0,0.0,0.0,793.5789961674992
2023-02-21,767.5237192976484,-106.23085862504624,1410.3496195590023,767.5237192976484,767.5237192976484,-85.797789449782,-85.797789449782,-85.797789449782,-85.797789449782,-85.797789449782,-85.797789449782,0.0,0.0,0.0,681.7259298478664
2023-02-22,767.3447769789102,-0.22527928635441377,1493.4921697228629,767.3447769789102,767.3447769789102,-49.58302435403807,-49.58302435403807,-49.58302435403807,-49.58302435403807,-49.58302435403807,-49.58302435403807,0.0,0.0,0.0,717.7617526248721
2023-02-23,767.1658346601718,-250.40778610527556,1287.444018718683,767.1658346601718,767.1658346601718,-274.4300139603616,-274.4300139603616,-274.4300139603616,-274.4300139603616,-274.4300139603616,-274.4300139603616,0.0,0.0,0.0,492.7358206998102
2023-03-03,765.734296143469,218.41302763125566,1723.2300501903871,765.734296143469,765.734296143469,207.88214383143355,207.88214383143355,207.88214383143355,207.88214383143355,207.88214383143355,207.88214383143355,0.0,0.0,0.0,973.6164399749025
2023-03-04,765.5553538288812,93.24196331898436,1598.6260032244643,765.5553538288812,765.5553538288812,98.57850590336594,98.57850590336594,98.57850590336594,98.57850590336594,98.57850590336594,98.57850590336594,0.0,0.0,0.0,864.1338597322471
2023-03-06,765.197469195955,69.07530995631471,1588.4272662091541,765.197469195955,765.197469195955,77.65278579640903,77.65278579640903,77.65278579640903,77.65278579640903,77.65278579640903,77.65278579640903,0.0,0.0,0.0,842.8502549923641
2023-03-22,762.3343921325467,20.292497557303857,1467.3296483868542,762.3343921325467,762.3343921325467,-49.58302435389293,-49.58302435389293,-49.58302435389293,-49.58302435389293,-49.58302435389293,-49.58302435389293,0.0,0.0,0.0,712.7513677786537
2023-03-27,761.4396805502316,176.30920613917286,1547.8113763130032,761.4396805502316,761.4396805502316,77.65278579687461,77.65278579687461,77.65278579687461,77.65278579687461,77.65278579687461,77.65278579687461,0.0,0.0,0.0,839.0924663471062
2023-04-06,759.6502574368745,-245.92213641606307,1242.8310069616887,759.6502574368745,759.6502574368745,-274.4300139603984,-274.4300139603984,-274.4300139603984,-274.4300139603984,-274.4300139603984,-274.4300139603984,0.0,0.0,0.0,485.2202434764761
2023-04-09,759.1134305028673,47.54479739713252,1517.310221318196,759.1134305028673,759.1134305028673,25.69739223173525,25.69739223173525,25.69739223173525,25.69739223173525,25.69739223173525,25.69739223173525,0.0,0.0,0.0,784.8108227346027
2023-04-11,758.755545880196,-121.19662380004257,1418.4399932661797,758.755545880196,758.755545880196,-85.79778945027662,-85.79778945027662,-85.79778945027662,-85.79778945027662,-85.79778945027662,-85.79778945027662,0.0,0.0,0.0,672.9577564299194
2023-04-16,757.86083430032,20.269308412549687,1564.7215811769493,757.86083430032,757.86083430032,25.697392231462466,25.697392231462466,25.697392231462466,25.697392231462466,25.697392231462466,25.697392231462466,0.0,0.0,0.0,783.5582265317825
2023-05-09,753.7451610328906,-63.11017976854431,1398.987658449289,753.7451610328906,753.7451610328906,-85.79778944889115,-85.79778944889115,-85.79778944889115,-85.79778944889115,-85.79778944889115,-85.79778944889115,0.0,0.0,0.0,667.9473715839994
2023-05-11,753.3872764009401,-282.9533528044791,1184.5712368092115,753.3872764009401,753.3872764009401,-274.43001396027677,-274.43001396027677,-274.43001396027677,-274.43001396027677,-274.43001396027677,-274.43001396027677,0.0,0.0,0.0,478.9572624406633
2023-05-15,752.6715071247718,103.67045463846434,1547.2658558678058,752.6715071247718,752.6715071247718,77.65278579659746,77.65278579659746,77.65278579659746,77.65278579659746,77.65278579659746,77.65278579659746,0.0,0.0,0.0,830.3242929213692
2023-05-16,752.4925648057297,-84.12329334829013,1396.9960099703765,752.4925648057297,752.4925648057297,-85.79778944971602,-85.79778944971602,-85.79778944971602,-85.79778944971602,-85.79778944971602,-85.79778944971602,0.0,0.0,0.0,666.6947753560137
2023-05-19,751.9557378643035,250.2602229201687,1741.4789155117246,751.9557378643035,751.9557378643035,207.8821438325772,207.8821438325772,207.8821438325772,207.8821438325772,207.8821438325772,207.8821438325772,0.0,0.0,0.0,959.8378816968807
2023-05-23,751.2399686090686,-87.44472960691287,1371.9331350341893,751.2399686090686,751.2399686090686,-85.79778944935175,-85.79778944935175,-85.79778944935175,-85.79778944935175,-85.79778944935175,-85.79778944935175,0.0,0.0,0.0,665.4421791597168
2023-06-06,748.7347762157463,-83.9353141892834,1410.9736248551253,748.7347762157463,748.7347762157463,-85.79778944928935,-85.79778944928935,-85.79778944928935,-85.79778944928935,-85.79778944928935,-85.79778944928935,0.0,0.0,0.0,662.9369867664569
2023-06-09,748.1979492779025,228.5760901950467,1721.7107070585205,748.1979492779025,748.1979492779025,207.8821438318062,207.8821438318062,207.8821438318062,207.8821438318062,207.8821438318062,207.8821438318062,0.0,0.0,0.0,956.0800931097086
2023-06-11,747.8400646526733,0.8311234017075144,1538.2766851020526,747.8400646526733,747.8400646526733,25.697392231820967,25.697392231820967,25.697392231820967,25.697392231820967,25.697392231820967,25.697392231820967,0.0,0.0,0.0,773.5374568844942
2023-06-12,747.6611223400588,97.07500700121285,1566.5805409347615,747.6611223400588,747.6611223400588,77.65278579585475,77.65278579585475,77.65278579585475,77.65278579585475,77.65278579585475,77.65278579585475,0.0,0.0,0.0,825.3139081359136
2023-06-20,746.2295838749732,-58.469756764737014,1404.603236783829,746.2295838749732,746.2295838749732,-85.79778944975,-85.79778944975,-85.79778944975,-85.79778944975,-85.79778944975,-85.79778944975,0.0,0.0,0.0,660.4317944252232
2023-06-21,746.0506415668375,-38.07303028769246,1437.3522476724363,746.0506415668375,746.0506415668375,-49.583024354121164,-49.583024354121164,-49.583024354121164,-49.583024354121164,-49.583024354121164,-49.583024354121164,0.0,0.0,0.0,696.4676172127163
2023-06-28,744.7980454098874,-99.63806040267598,1437.862790043302,744.7980454098874,744.7980454098874,-49.58302435441212,-49.58302435441212,-49.58302435441212,-49.58302435441212,-49.58302435441212,-49.58302435441212,0.0,0.0,0.0,695.2150210554753
2023-07-06,743.3665069585331,-267.0722674474071,1183.9548164413516,743.3665069585331,743.3665069585331,-274.43001395993986,-274.43001395993986,-274.43001395993986,-274.43001395993986,-274.43001395993986,-274.43001395993986,0.0,0.0,0.0,468.9364929985933
2023-07-07,743.1875646521138,240.9923972827291,1730.14915832303,743.1875646521138,743.1875646521138,207.88214383161528,207.88214383161528,207.88214383161528,207.88214383161528,207.88214383161528,207.88214383161528,0.0,0.0,0.0,951.0697084837291
2023-07-09,742.8296800388637,6.0162225205998086,1524.4677880338922,742.8296800388637,742.8296800388637,25.697392232558194,25.697392232558194,25.697392232558194,25.697392232558194,25.697392232558194,25.697392232558194,0.0,0.0,0.0,768.5270722714218
2023-07-10,742.6507377322384,20.788728992196667,1570.87032652509,742.6507377322384,742.6507377322384,77.65278579655327,77.65278579655327,77.65278579655327,77.65278579655327,77.65278579655327,77.65278579655327,0.0,0.0,0.0,820.3035235287917
2023-07-20,740.8613146659875,-251.9061467726911,1176.5816804327553,740.8613146659875,740.8613146659875,-274.43001396037874,-274.43001396037874,-274.43001396037874,-274.43001396037874,-274.43001396037874,-274.43001396037874,0.0,0.0,0.0,466.43130070560875
2023-07-21,740.6823723751331,228.75003241601956,1709.3224138556964,740.6823723751331,740.6823723751331,207.88214383223033,207.88214383223033,207.88214383223033,207.88214383223033,207.88214383223033,207.88214383223033,0.0,0.0,0.0,948.5645162073635
2023-07-25,739.9666032117157,-60.221807380376845,1385.2259695793773,739.9666032117157,739.9666032117157,-85.79778944978399,-85.79778944978399,-85.79778944978399,-85.79778944978399,-85.79778944978399,-85.79778944978399,0.0,0.0,0.0,654.1688137619317
2023-07-26,739.7876609208614,-92.96981472629706,1410.4606687200553,739.7876609208614,739.7876609208614,-49.583024354267,-49.583024354267,-49.583024354267,-49.583024354267,-49.583024354267,-49.583024354267,0.0,0.0,0.0,690.2046365665944
2023-07-27,739.6087186315597,-247.33693315571452,1262.4438597344163,739.6087186315597,739.6087186315597,-274.4300139603646,-274.4300139603646,-274.4300139603646,-274.4300139603646,-274.4300139603646,-274.4300139603646,0.0,0.0,0.0,465.1787046711951
2023-08-01,738.7140071850512,-159.83808666433316,1409.7687023390909,738.7140071850512,738.7140071850512,-85.79778944941974,-85.79778944941974,-85.79778944941974,-85.79778944941974,-85.79778944941974,-85.79778944941974,0.0,0.0,0.0,652.9162177356314
2023-08-02,738.5350648957494,-29.98372148781672,1427.9728751305233,738.5350648957494,738.5350648957494,-49.583024354089744,-49.583024354089744,-49.583024354089744,-49.583024354089744,-49.583024354089744,-49.583024354089744,0.0,0.0,0.0,688.9520405416597
2023-08-03,738.3561226047303,-228.90248262940685,1218.2223025052922,738.3561226047303,738.3561226047303,-274.43001396000494,-274.43001396000494,-274.43001396000494,-274.43001396000494,-274.43001396000494,-274.43001396000494,0.0,0.0,0.0,463.9261086447254
2023-08-04,738.1771803137111,165.71606074705414,1660.7230423318229,738.1771803137111,738.1771803137111,207.88214383142443,207.88214383142443,207.88214383142443,207.88214383142443,207.88214383142443,207.88214383142443,0.0,0.0,0.0,946.0593241451355
2023-08-05,737.9982380225764,94.78481714384166,1535.2750920052565,737.9982380225764,737.9982380225764,98.57850590337482,98.57850590337482,98.57850590337482,98.57850590337482,98.57850590337482,98.57850590337482,0.0,0.0,0.0,836.5767439259512
2023-08-06,737.8192957314418,29.216969825546244,1501.923780564883,737.8192957314418,737.8192957314418,25.69739223182329,25.69739223182329,25.69739223182329,25.69739223182329,25.69739223182329,25.69739223182329,0.0,0.0,0.0,763.5166879632651
2023-08-10,737.1035265669032,-260.64329398876004,1243.1727088385262,737.1035265669032,737.1035265669032,-274.43001395999084,-274.43001395999084,-274.43001395999084,-274.43001395999084,-274.43001395999084,-274.43001395999084,0.0,0.0,0.0,462.6735126069123
2023-08-15,736.2088151085136,-77.27691057315458,1456.8449029223618,736.2088151085136,736.2088151085136,-85.79778944935734,-85.79778944935734,-85.79778944935734,-85.79778944935734,-85.79778944935734,-85.79778944935734,0.0,0.0,0.0,650.4110256591563
2023-08-19,735.4930459418019,104.02099958502964,1621.5413010637344,735.4930459418019,735.4930459418019,98.57850590277548,98.57850590277548,98.57850590277548,98.57850590277548,98.57850590277548,98.57850590277548,0.0,0.0,0.0,834.0715518445775
2023-08-25,734.4193921917343,156.28001628603732,1673.7307561005086,734.4193921917343,734.4193921917343,207.88214383152896,207.88214383152896,207.88214383152896,207.88214383152896,207.88214383152896,207.88214383152896,0.0,0.0,0.0,942.3015360232633
2023-08-29,733.7036230400381,-113.52549267056676,1424.9655822584307,733.7036230400381,733.7036230400381,-85.79778944922342,-85.79778944922342,-85.79778944922342,-85.79778944922342,-85.79778944922342,-85.79778944922342,0.0,0.0,0.0,647.9058335908147
2023-08-31,733.34573846419,-335.0666644345694,1158.8676633819512,733.34573846419,733.34573846419,-274.4300139605883,-274.4300139605883,-274.4300139605883,-274.4300139605883,-274.4300139605883,-274.4300139605883,0.0,0.0,0.0,458.9157245036017
2023-09-09,731.7352578728734,80.87627047180393,1617.4398114672315,731.7352578728734,731.7352578728734,98.57850590352692,98.57850590352692,98.57850590352692,98.57850590352692,98.57850590352692,98.57850590352692,0.0,0.0,0.0,830.3137637764003
2023-09-12,731.1984310051105,-116.70010934501316,1386.7590167017795,731.1984310051105,731.1984310051105,-85.79778944916099,-85.79778944916099,-85.79778944916099,-85.79778944916099,-85.79778944916099,-85.79778944916099,0.0,0.0,0.0,645.4006415559495
2023-09-14,730.840546426602,-315.0441867555717,1222.5355430620916,730.840546426602,730.840546426602,-274.4300139602146,-274.4300139602146,-274.4300139602146,-274.4300139602146,-274.4300139602146,-274.4300139602146,0.0,0.0,0.0,456.41053246638745
2023-09-17,730.303719554034,-39.9207156119106,1540.2200895752685,730.303719554034,730.303719554034,25.697392231456995,25.697392231456995,25.697392231456995,25.697392231456995,25.697392231456995,25.697392231456995,0.0,0.0,0.0,756.001111785491
2023-09-18,730.1247772631782,73.94061741801559,1538.4425664396092,730.1247772631782,730.1247772631782,77.65278579674172,77.65278579674172,77.65278579674172,77.65278579674172,77.65278579674172,77.65278579674172,0.0,0.0,0.0,807.7775630599199
2023-09-21,729.5879503906103,-307.7695773092776,1242.0515421763932,729.5879503906103,729.5879503906103,-274.43001396002774,-274.43001396002774,-274.43001396002774,-274.43001396002774,-274.43001396002774,-274.43001396002774,0.0,0.0,0.0,455.1579364305826
2023-09-25,728.8721812286761,97.29776953450472,1566.3171897749203,728.8721812286761,728.8721812286761,77.65278579613741,77.65278579613741,77.65278579613741,77.65278579613741,77.65278579613741,77.65278579613741,0.0,0.0,0.0,806.5249670248136
2023-09-27,728.5142966477089,-7.784431910085596,1419.7449451133496,728.5142966477089,728.5142966477089,-49.58302435379952,-49.58302435379952,-49.58302435379952,-49.58302435379952,-49.58302435379952,-49.58302435379952,0.0,0.0,0.0,678.9312722939094
2023-09-28,728.3353543572255,-264.89936784808657,1199.8103682279752,728.3353543572255,728.3353543572255,-274.4300139598409,-274.4300139598409,-274.4300139598409,-274.4300139598409,-274.4300139598409,-274.4300139598409,0.0,0.0,0.0,453.9053403973846
2023-10-07,726.7248737792619,80.39261799322797,1584.0992458106368,726.7248737792619,726.7248737792619,98.57850590357364,98.57850590357364,98.57850590357364,98.57850590357364,98.57850590357364,98.57850590357364,0.0,0.0,0.0,825.3033796828355
2023-10-10,726.1880469199408,-119.16734535493029,1371.6607380485132,726.1880469199408,726.1880469199408,-85.79778945008228,-85.79778945008228,-85.79778945008228,-85.79778945008228,-85.79778945008228,-85.79778945008228,0.0,0.0,0.0,640.3902574698585
2023-10-16,725.1143932012985,60.409701675472036,1559.0946881676048,725.1143932012985,725.1143932012985,77.65278579660297,77.65278579660297,77.65278579660297,77.65278579660297,77.65278579660297,77.65278579660297,0.0,0.0,0.0,802.7671789979015
2023-10-20,724.398624055537,240.60636324095597,1686.4854554497344,724.398624055537,724.398624055537,207.88214383169253,207.88214383169253,207.88214383169253,207.88214383169253,207.88214383169253,207.88214383169253,0.0,0.0,0.0,932.2807678872296
2023-10-23,723.8617971962158,8.736132435945072,1579.8958259423464,723.8617971962158,723.8617971962158,77.65278579683594,77.65278579683594,77.65278579683594,77.65278579683594,77.65278579683594,77.65278579683594,0.0,0.0,0.0,801.5145829930517
2023-10-28,722.9670857640139,28.977871701741208,1566.6078748369664,722.9670857640139,722.9670857640139,98.57850590307957,98.57850590307957,98.57850590307957,98.57850590307957,98.57850590307957,98.57850590307957,0.0,0.0,0.0,821.5455916670934
2023-10-31,722.4302589046927,-66.20929494373436,1393.5044305206548,722.4302589046927,722.4302589046927,-85.797789449061,-85.797789449061,-85.797789449061,-85.797789449061,-85.797789449061,-85.797789449061,0.0,0.0,0.0,636.6324694556316
2023-11-06,721.3566051860504,91.69625966562874,1550.6851418426554,721.3566051860504,721.3566051860504,77.6527857964646,77.6527857964646,77.6527857964646,77.6527857964646,77.6527857964646,77.6527857964646,0.0,0.0,0.0,799.009390982515
2023-11-23,718.3145863165638,-278.0547046977778,1131.4364330999188,718.3145863165638,718.3145863165638,-274.43001396031656,-274.43001396031656,-274.43001396031656,-274.43001396031656,-274.43001396031656,-274.43001396031656,0.0,0.0,0.0,443.88457235624725
2023-11-24,718.1356440301234,235.18607767711467,1688.0260021106205,718.1356440301234,718.1356440301234,207.88214383186673,207.88214383186673,207.88214383186673,207.88214383186673,207.88214383186673,207.88214383186673,0.0,0.0,0.0,926.0177878619902
2023-12-04,716.3462211657195,39.69843164389618,1491.6764841964448,716.3462211657195,716.3462211657195,77.65278579632584,77.65278579632584,77.65278579632584,77.65278579632584,77.65278579632584,77.65278579632584,0.0,0.0,0.0,793.9990069620453
2023-12-10,715.2725674470772,-55.71647696149251,1500.593625207162,715.2725674470772,715.2725674470772,25.697392231638574,25.697392231638574,25.697392231638574,25.697392231638574,25.697392231638574,25.697392231638574,0.0,0.0,0.0,740.9699596787158
2023-12-11,715.0936251606369,32.45640399118338,1621.068635117081,715.0936251606369,715.0936251606369,77.65278579572153,77.65278579572153,77.65278579572153,77.65278579572153,77.65278579572153,77.65278579572153,0.0,0.0,0.0,792.7464109563584
2023-12-12,714.9146828741965,-101.54790597978274,1435.1663564733,714.9146828741965,714.9146828741965,-85.79778944932532,-85.79778944932532,-85.79778944932532,-85.79778944932532,-85.79778944932532,-85.79778944932532,0.0,0.0,0.0,629.1168934248711
2023-12-17,714.0199714419946,48.91999987775814,1519.0035153590145,714.0199714419946,714.0199714419946,25.69739223172198,25.69739223172198,25.69739223172198,25.69739223172198,25.69739223172198,25.69739223172198,0.0,0.0,0.0,739.7173636737166
2023-12-18,713.8410291555541,70.67350460129104,1499.9050569298936,713.8410291555541,713.8410291555541,77.65278579679176,77.65278579679176,77.65278579679176,77.65278579679176,77.65278579679176,77.65278579679176,0.0,0.0,0.0,791.4938149523459
2023-12-25,712.5884331504715,64.39429515356723,1529.1326025114288,712.5884331504715,712.5884331504715,77.65278579618743,77.65278579618743,77.65278579618743,77.65278579618743,77.65278579618743,77.65278579618743,0.0,0.0,0.0,790.2412189466589
2023-12-26,712.4094908640311,-132.70834013078246,1411.2103235279374,712.4094908640311,712.4094908640311,-85.79778944978597,-85.79778944978597,-85.79778944978597,-85.79778944978597,-85.79778944978597,-85.79778944978597,0.0,0.0,0.0,626.6117014142451
2023-12-27,712.2305485775908,-107.91854380903078,1455.2682931444315,712.2305485775908,712.2305485775908,-49.58302435402774,-49.58302435402774,-49.58302435402774,-49.58302435402774,-49.58302435402774,-49.58302435402774,0.0,0.0,0.0,662.647524223563
2023-12-28,712.0516062911503,-314.03225028189013,1164.8446263062854,712.0516062911503,712.0516062911503,-274.4300139603676,-274.4300139603676,-274.4300139603676,-274.4300139603676,-274.4300139603676,-274.4300139603676,0.0,0.0,0.0,437.6215923307827
2023-12-29,711.8726640047099,193.86610091187646,1694.6955554547142,711.8726640047099,711.8726640047099,207.88214383225605,207.88214383225605,207.88214383225605,207.88214383225605,207.88214383225605,207.88214383225605,0.0,0.0,0.0,919.7548078369659
2023-12-30,711.6937217182696,52.01486405070828,1571.7101671116354,711.6937216948356,711.6937217315993,98.57850590408842,98.57850590408842,98.57850590408842,98.57850590408842,98.57850590408842,98.57850590408842,0.0,0.0,0.0,810.272227622358
2023-12-31,711.5147794318292,-20.368097304335656,1475.0092627397519,711.5147793803344,711.514779474601,25.697392232090586,25.697392232090586,25.697392232090586,25.697392232090586,25.697392232090586,25.697392232090586,0.0,0.0,0.0,737.2121716639198
2024-01-01,711.3358371453887,40.25900471408069,1543.1359310406076,711.3358370607759,711.3358372230698,77.65278579642039,77.65278579642039,77.65278579642039,77.65278579642039,77.65278579642039,77.65278579642039,0.0,0.0,0.0,788.9886229418091
2024-01-02,711.1568948589485,-163.1897779930474,1365.2054439658289,711.1568947340974,711.1568949907594,-85.79778944949324,-85.79778944949324,-85.79778944949324,-85.79778944949324,-85.79778944949324,-85.79778944949324,0.0,0.0,0.0,625.3591054094552
2024-01-03,710.977952572508,-91.85734551250748,1404.7628940724187,710.9779523904942,710.9779527487653,-49.583024354318674,-49.583024354318674,-49.583024354318674,-49.583024354318674,-49.583024354318674,-49.583024354318674,0.0,0.0,0.0,661.3949282181893
2024-01-04,710.7990102860676,-305.7089999684037,1220.9003561703307,710.7990100259972,710.7990105412983,-274.4300139601807,-274.4300139601807,-274.4300139601807,-274.4300139601807,-274.4300139601807,-274.4300139601807,0.0,0.0,0.0,436.36899632588694
2024-01-05,710.6200679996272,173.306060095426,1649.2568646105167,710.6200676759566,710.6200683096139,207.88214383087,207.88214383087,207.88214383087,207.88214383087,207.88214383087,207.88214383087,0.0,0.0,0.0,918.5022118304971
2024-01-06,710.4411257131869,62.63350817946183,1558.4949559405115,710.4411252985005,710.441126100829,98.57850590338376,98.57850590338376,98.57850590338376,98.57850590338376,98.57850590338376,98.57850590338376,0.0,0.0,0.0,809.0196316165707
2024-01-07,710.2621834267464,22.69408220476913,1455.3505092265373,710.2621829226546,710.2621838859683,25.697392231817826,25.697392231817826,25.697392231817826,25.697392231817826,25.697392231817826,25.697392231817826,0.0,0.0,0.0,735.9595756585643
2024-01-08,710.0832411403061,34.22882911625643,1502.2904810649072,710.0832405423312,710.0832417102863,77.65278579642006,77.65278579642006,77.65278579642006,77.65278579642006,77.65278579642006,77.65278579642006,0.0,0.0,0.0,787.7360269367261
2024-01-09,709.9042988538656,-113.94838046414864,1338.6680233462282,709.9042981594366,709.9042995017627,-85.79778944972357,-85.79778944972357,-85.79778944972357,-85.79778944972357,-85.79778944972357,-85.79778944972357,0.0,0.0,0.0,624.106509404142
2024-01-10,709.7253565674254,-61.377850359434994,1372.2440998248312,709.7253557957713,709.7253573431312,-49.583024354141436,-49.583024354141436,-49.583024354141436,-49.583024354141436,-49.583024354141436,-49.583024354141436,0.0,0.0,0.0,660.1423322132839
2024-01-11,709.5464142809849,-306.947169312402,1225.513383587147,709.546413401366,709.546415182146,-274.4300139601666,-274.4300139601666,-274.4300139601666,-274.4300139601666,-274.4300139601666,-274.4300139601666,0.0,0.0,0.0,435.1164003208183
2024-01-12,709.3674719945445,184.1379498554829,1696.2194475260344,709.3674710373367,709.3674729879712,207.8821438314502,207.8821438314502,207.8821438314502,207.8821438314502,207.8821438314502,207.8821438314502,0.0,0.0,0.0,917.2496158259947
2024-01-13,709.1885297081042,52.41557170601556,1586.4760056583946,709.1885286707917,709.1885308340868,98.57850590392457,98.57850590392457,98.57850590392457,98.57850590392457,98.57850590392457,98.57850590392457,0.0,0.0,0.0,807.7670356120287
2024-01-14,709.0095874216638,-26.008145041989252,1428.2628519686652,709.0095862808627,709.0095886370261,25.697392232459194,25.697392232459194,25.697392232459194,25.697392232459194,25.697392232459194,25.697392232459194,0.0,0.0,0.0,734.706979654123
2024-01-15,708.8306451352233,-15.784239034905745,1518.2290524447815,708.8306439033385,708.8306464370689,77.652785796653,77.652785796653,77.652785796653,77.652785796653,77.652785796653,77.652785796653,0.0,0.0,0.0,786.4834309318763
2024-01-16,708.651702848783,-116.47664351082307,1408.2966473872923,708.6517015107452,708.6517042965031,-85.79778944995387,-85.79778944995387,-85.79778944995387,-85.79778944995387,-85.79778944995387,-85.79778944995387,0.0,0.0,0.0,622.8539133988291
2024-01-17,708.4727605623426,-42.17315725964513,1406.0747289025737,708.4727590859939,708.4727621182155,-49.58302435443244,-49.58302435443244,-49.58302435443244,-49.58302435443244,-49.58302435443244,-49.58302435443244,0.0,0.0,0.0,658.8897362079101
2024-01-18,708.2938182759023,-347.93033751861753,1194.944638922162,708.2938166960431,708.293819967123,-274.4300139599797,-274.4300139599797,-274.4300139599797,-274.4300139599797,-274.4300139599797,-274.4300139599797,0.0,0.0,0.0,433.86380431592255
2024-01-19,708.1148759894618,140.16443621590128,1687.775068759068,708.1148742959344,708.1148778231254,207.88214383203038,207.88214383203038,207.88214383203038,207.88214383203038,207.88214383203038,207.88214383203038,0.0,0.0,0.0,915.9970198214921
2024-01-20,707.9359337030215,75.23266784535953,1580.3443684034323,707.9359318471676,707.9359356819047,98.57850590402988,98.57850590402988,98.57850590402988,98.57850590402988,98.57850590402988,98.57850590402988,0.0,0.0,0.0,806.5144396070514
2024-01-21,707.7569914165811,-41.941002635877645,1497.31651295192,707.7569894613326,707.7569935636171,25.697392231272293,25.697392231272293,25.697392231272293,25.697392231272293,25.697392231272293,25.697392231272293,0.0,0.0,0.0,733.4543836478533
2024-01-22,707.5780491301407,14.407582938059795,1499.9179424064978,707.5780470833314,707.5780513756176,77.65278579688598,77.65278579688598,77.65278579688598,77.65278579688598,77.65278579688598,77.65278579688598,0.0,0.0,0.0,785.2308349270266
2024-01-23,707.3991068437002,-117.05693883079368,1347.4451482813436,707.39910467394,707.3991092179701,-85.79778944958962,-85.79778944958962,-85.79778944958962,-85.79778944958962,-85.79778944958962,-85.79778944958962,0.0,0.0,0.0,621.6013173941107
2024-01-24,707.2201645572599,-109.85682612807237,1414.3302813001328,707.2201622355238,707.2201670243027,-49.583024353882614,-49.583024353882614,-49.583024353882614,-49.583024353882614,-49.583024353882614,-49.583024353882614,0.0,0.0,0.0,657.6371402033773
2024-01-25,707.0412222708195,-296.1578012615585,1223.6335481637711,707.0412198486073,707.041224899948,-274.43001395996555,-274.43001395996555,-274.43001395996555,-274.43001395996555,-274.43001395996555,-274.43001395996555,0.0,0.0,0.0,432.61120831085395
